simInsts,hostInstRate,system.cpu.numCycles,system.cpu.exec_context.thread_0.numInsts,system.cpu.exec_context.thread_0.numCondCtrlInsts,system.cpu.exec_context.thread_0.numIntInsts,system.cpu.exec_context.thread_0.numFpInsts,system.cpu.exec_context.thread_0.numVecInsts,system.cpu.exec_context.thread_0.numLoadInsts,system.cpu.exec_context.thread_0.numStoreInsts,system.cpu.exec_context.thread_0.statExecutedInstType::No_OpClass,system.cpu.exec_context.thread_0.statExecutedInstType::IntAlu,system.cpu.exec_context.thread_0.statExecutedInstType::IntMult,system.cpu.exec_context.thread_0.statExecutedInstType::IntDiv,system.cpu.exec_context.thread_0.statExecutedInstType::FloatAdd,system.cpu.exec_context.thread_0.statExecutedInstType::FloatCmp,system.cpu.exec_context.thread_0.statExecutedInstType::FloatCvt,system.cpu.exec_context.thread_0.statExecutedInstType::FloatMult,system.cpu.exec_context.thread_0.statExecutedInstType::FloatMultAcc,system.cpu.exec_context.thread_0.statExecutedInstType::FloatDiv,system.cpu.exec_context.thread_0.statExecutedInstType::FloatMisc,system.cpu.exec_context.thread_0.statExecutedInstType::FloatSqrt,system.cpu.exec_context.thread_0.statExecutedInstType::SimdAdd,system.cpu.exec_context.thread_0.statExecutedInstType::SimdAddAcc,system.cpu.exec_context.thread_0.statExecutedInstType::SimdAlu,system.cpu.exec_context.thread_0.statExecutedInstType::SimdCmp,system.cpu.exec_context.thread_0.statExecutedInstType::SimdCvt,system.cpu.exec_context.thread_0.statExecutedInstType::SimdMisc,system.cpu.exec_context.thread_0.statExecutedInstType::SimdMult,system.cpu.exec_context.thread_0.statExecutedInstType::SimdMultAcc,system.cpu.exec_context.thread_0.statExecutedInstType::SimdShift,system.cpu.exec_context.thread_0.statExecutedInstType::SimdShiftAcc,system.cpu.exec_context.thread_0.statExecutedInstType::SimdDiv,system.cpu.exec_context.thread_0.statExecutedInstType::SimdSqrt,system.cpu.exec_context.thread_0.statExecutedInstType::SimdFloatAdd,system.cpu.exec_context.thread_0.statExecutedInstType::SimdFloatAlu,system.cpu.exec_context.thread_0.statExecutedInstType::SimdFloatCmp,system.cpu.exec_context.thread_0.statExecutedInstType::SimdFloatCvt,system.cpu.exec_context.thread_0.statExecutedInstType::SimdFloatDiv,system.cpu.exec_context.thread_0.statExecutedInstType::SimdFloatMisc,system.cpu.exec_context.thread_0.statExecutedInstType::SimdFloatMult,system.cpu.exec_context.thread_0.statExecutedInstType::SimdFloatMultAcc,system.cpu.exec_context.thread_0.statExecutedInstType::SimdFloatSqrt,system.cpu.exec_context.thread_0.statExecutedInstType::SimdReduceAdd,system.cpu.exec_context.thread_0.statExecutedInstType::SimdReduceAlu,system.cpu.exec_context.thread_0.statExecutedInstType::SimdReduceCmp,system.cpu.exec_context.thread_0.statExecutedInstType::SimdFloatReduceAdd,system.cpu.exec_context.thread_0.statExecutedInstType::SimdFloatReduceCmp,system.cpu.exec_context.thread_0.statExecutedInstType::SimdAes,system.cpu.exec_context.thread_0.statExecutedInstType::SimdAesMix,system.cpu.exec_context.thread_0.statExecutedInstType::SimdSha1Hash,system.cpu.exec_context.thread_0.statExecutedInstType::SimdSha1Hash2,system.cpu.exec_context.thread_0.statExecutedInstType::SimdSha256Hash,system.cpu.exec_context.thread_0.statExecutedInstType::SimdSha256Hash2,system.cpu.exec_context.thread_0.statExecutedInstType::SimdShaSigma2,system.cpu.exec_context.thread_0.statExecutedInstType::SimdShaSigma3,system.cpu.exec_context.thread_0.statExecutedInstType::SimdPredAlu,system.cpu.exec_context.thread_0.statExecutedInstType::MemRead,system.cpu.exec_context.thread_0.statExecutedInstType::MemWrite,system.cpu.exec_context.thread_0.statExecutedInstType::FloatMemRead,system.cpu.exec_context.thread_0.statExecutedInstType::FloatMemWrite,system.cpu.exec_context.thread_0.statExecutedInstType::IprAccess,system.cpu.exec_context.thread_0.statExecutedInstType::InstPrefetch,system.cpu.exec_context.thread_0.statExecutedInstType::total,system.cpu.mmu.dtb.rdMisses,system.cpu.mmu.dtb.wrMisses,system.cpu.mmu.itb.rdMisses,system.cpu.mmu.itb.wrMisses,system.cpu.thread_0.numInsts,system.mem_ctrl.avgPriority_cpu.inst::samples,system.mem_ctrl.requestorReadBytes::cpu.inst,system.mem_ctrl.requestorReadRate::cpu.inst,system.mem_ctrl.requestorReadAccesses::cpu.inst,system.mem_ctrl.requestorReadTotalLat::cpu.inst,system.mem_ctrl.requestorReadAvgLat::cpu.inst,system.workload.inst.arm,system.workload.inst.quiesce,data_mpki,inst_mpki,IPC
354833451.0,213089.0,29529224986.0,354833451.0,45301482.0,585997522.0,89588243.0,0.0,89295655.0,40722348.0,5286503.0,439944464.0,59020.0,712204.0,453096.0,0.0,1840.0,0.0,0.0,0.0,0.0,0.0,240024.0,0.0,31180904.0,11892.0,947854.0,16493466.0,0.0,0.0,0.0,0.0,0.0,0.0,7680000.0,0.0,0.0,23330000.0,0.0,0.0,7680417.0,0.0,0.0,0.0,0.0,0.0,0.0,0.0,0.0,0.0,0.0,0.0,0.0,0.0,0.0,0.0,0.0,87943224.0,40556543.0,1352431.0,165805.0,0.0,0.0,664039687.0,1643.0,104.0,0.0,466.0,0.0,461420872.0,3691366976.0,125007242.07120578,461420872.0,10004690118500.0,21682.35,0.0,0.0,1643000.0002930954,0.001313292190143595,0.012016348250529057
355102882.0,209240.0,29512765540.0,355102882.0,45479648.0,586556037.0,89586947.0,0.0,89262779.0,40707441.0,5285506.0,440551253.0,58456.0,712433.0,453046.0,0.0,1840.0,0.0,0.0,0.0,0.0,0.0,240024.0,0.0,31180992.0,11790.0,947472.0,16493088.0,0.0,0.0,0.0,0.0,0.0,0.0,7680000.0,0.0,0.0,23330000.0,0.0,0.0,7680407.0,0.0,0.0,0.0,0.0,0.0,0.0,0.0,0.0,0.0,0.0,0.0,0.0,0.0,0.0,0.0,0.0,87910750.0,40541686.0,1352029.0,165755.0,0.0,0.0,664596527.0,1642.0,104.0,0.0,464.0,0.0,461647121.0,3693176968.0,125138288.48043633,461647121.0,10013234042250.0,21690.23,0.0,0.0,1642000.000292873,0.0013066635713759147,0.012032179143588317
354704689.0,210896.0,29497396662.0,354704689.0,45279844.0,585760181.0,89587267.0,0.0,89264052.0,40708073.0,5285864.0,439755292.0,58571.0,709937.0,453054.0,0.0,1840.0,0.0,0.0,0.0,0.0,0.0,240024.0,0.0,31181004.0,11802.0,947560.0,16493188.0,0.0,0.0,0.0,0.0,0.0,0.0,7680000.0,0.0,0.0,23330000.0,0.0,0.0,7680408.0,0.0,0.0,0.0,0.0,0.0,0.0,0.0,0.0,0.0,0.0,0.0,0.0,0.0,0.0,0.0,0.0,87911933.0,40542313.0,1352119.0,165760.0,0.0,0.0,663800669.0,1640.0,104.0,0.0,466.0,0.0,461247732.0,3689981856.0,125095170.20373586,461247732.0,10002505571500.0,21685.76,0.0,0.0,1640000.0002932015,0.0013137689307512932,0.012024948949374507
354705624.0,209614.0,29528568176.0,354705624.0,45278368.0,585760958.0,89587943.0,0.0,89266035.0,40709042.0,5285478.0,439752266.0,58801.0,710412.0,453096.0,0.0,1840.0,0.0,0.0,0.0,0.0,0.0,240024.0,0.0,31181048.0,11982.0,947702.0,16493232.0,0.0,0.0,0.0,0.0,0.0,0.0,7680000.0,0.0,0.0,23330000.0,0.0,0.0,7680418.0,0.0,0.0,0.0,0.0,0.0,0.0,0.0,0.0,0.0,0.0,0.0,0.0,0.0,0.0,0.0,0.0,87913754.0,40543232.0,1352281.0,165810.0,0.0,0.0,663801376.0,1640.0,104.0,0.0,464.0,0.0,461247100.0,3689976800.0,124962943.61468941,461247100.0,10005091896000.0,21691.39,0.0,0.0,1640000.0002932008,0.0013081269892692765,0.012012286606171946
354764579.0,213820.0,29531965152.0,354764579.0,45289662.0,585874079.0,89588094.0,0.0,89279437.0,40716034.0,5286694.0,439843299.0,58724.0,713025.0,453119.0,0.0,1840.0,0.0,0.0,0.0,0.0,0.0,240024.0,0.0,31180960.0,11928.0,947742.0,16493387.0,0.0,0.0,0.0,0.0,0.0,0.0,7680000.0,0.0,0.0,23330000.0,0.0,0.0,7680421.0,0.0,0.0,0.0,0.0,0.0,0.0,0.0,0.0,0.0,0.0,0.0,0.0,0.0,0.0,0.0,0.0,87927110.0,40550209.0,1352327.0,165825.0,0.0,0.0,663916634.0,1641.0,104.0,0.0,464.0,0.0,461327495.0,3690619960.0,124970347.92654356,461327495.0,10005437506750.0,21688.36,0.0,0.0,1641000.0002931522,0.0013079096039066516,0.01201290117924896
354653842.0,209581.0,29493491512.0,354653842.0,45269319.0,585664972.0,89586581.0,0.0,89252406.0,40702907.0,5285523.0,439677131.0,58504.0,709756.0,453050.0,0.0,1840.0,0.0,0.0,0.0,0.0,0.0,240024.0,0.0,31181060.0,11724.0,947334.0,16492984.0,0.0,0.0,0.0,0.0,0.0,0.0,7680000.0,0.0,0.0,23330000.0,0.0,0.0,7680408.0,0.0,0.0,0.0,0.0,0.0,0.0,0.0,0.0,0.0,0.0,0.0,0.0,0.0,0.0,0.0,0.0,87900513.0,40537147.0,1351893.0,165760.0,0.0,0.0,663704651.0,1640.0,104.0,0.0,464.0,0.0,461177293.0,3689418344.0,125092627.38522798,461177293.0,10002734550750.0,21689.56,0.0,0.0,1640000.0002932437,0.001308317985174964,0.012024817131457704
354722578.0,209590.0,29498983124.0,354722578.0,45283541.0,585795121.0,89587946.0,0.0,89269383.0,40709461.0,5285743.0,439781637.0,58492.0,712312.0,453019.0,0.0,1840.0,0.0,0.0,0.0,0.0,0.0,240024.0,0.0,31180984.0,12060.0,947812.0,16493223.0,0.0,0.0,0.0,0.0,0.0,0.0,7680000.0,0.0,0.0,23330000.0,0.0,0.0,7680401.0,0.0,0.0,0.0,0.0,0.0,0.0,0.0,0.0,0.0,0.0,0.0,0.0,0.0,0.0,0.0,0.0,87917026.0,40543736.0,1352357.0,165725.0,0.0,0.0,663836391.0,1640.0,104.0,0.0,466.0,0.0,461273228.0,3690185824.0,125095356.96495624,461273228.0,10004375703500.0,21688.61,0.0,0.0,1640000.0002931869,0.0013137026761234239,0.012024908672577333
355073047.0,210916.0,29509415821.0,355073047.0,45473849.0,586505686.0,89587279.0,0.0,89258235.0,40705405.0,5285879.0,440508492.0,58430.0,710941.0,453026.0,0.0,1840.0,0.0,0.0,0.0,0.0,0.0,240024.0,0.0,31181048.0,11850.0,947588.0,16493128.0,0.0,0.0,0.0,0.0,0.0,0.0,7680000.0,0.0,0.0,23330000.0,0.0,0.0,7680403.0,0.0,0.0,0.0,0.0,0.0,0.0,0.0,0.0,0.0,0.0,0.0,0.0,0.0,0.0,0.0,0.0,87906098.0,40539670.0,1352137.0,165735.0,0.0,0.0,664546289.0,1644.0,104.0,0.0,464.0,0.0,461604351.0,3692834808.0,125140898.43052877,461604351.0,10012639728500.0,21690.96,0.0,0.0,1644000.0002928975,0.0013067733637354907,0.01203253392591109
354664994.0,208260.0,29532900229.0,354664994.0,45272136.0,585685765.0,89588091.0,0.0,89255180.0,40705617.0,5286124.0,439691446.0,58606.0,710828.0,453174.0,0.0,1840.0,0.0,0.0,0.0,0.0,0.0,240024.0,0.0,31181052.0,11952.0,947640.0,16493314.0,0.0,0.0,0.0,0.0,0.0,0.0,7680000.0,0.0,0.0,23330000.0,0.0,0.0,7680433.0,0.0,0.0,0.0,0.0,0.0,0.0,0.0,0.0,0.0,0.0,0.0,0.0,0.0,0.0,0.0,0.0,87902931.0,40539732.0,1352249.0,165885.0,0.0,0.0,663727230.0,1642.0,104.0,0.0,464.0,0.0,461195126.0,3689561008.0,124930534.40030974,461195126.0,10006368465250.0,21696.6,0.0,0.0,1642000.0002932346,0.0013082768467417452,0.012009148822157829
354697190.0,206777.0,29505579076.0,354697190.0,45276571.0,585739892.0,89588306.0,0.0,89262796.0,40708493.0,5285706.0,439736379.0,59025.0,708526.0,453223.0,0.0,1840.0,0.0,0.0,0.0,0.0,0.0,240024.0,0.0,31181064.0,11958.0,947638.0,16493377.0,0.0,0.0,0.0,0.0,0.0,0.0,7680000.0,0.0,0.0,23330000.0,0.0,0.0,7680443.0,0.0,0.0,0.0,0.0,0.0,0.0,0.0,0.0,0.0,0.0,0.0,0.0,0.0,0.0,0.0,0.0,87910529.0,40542558.0,1352267.0,165935.0,0.0,0.0,663780492.0,1640.0,104.0,0.0,466.0,0.0,461237187.0,3689897496.0,125057620.00114015,461237187.0,10004000068000.0,21689.49,0.0,0.0,1640000.0002932078,0.0013137967064244293,0.0120213600650364
354739636.0,209250.0,29522185708.0,354739636.0,45283025.0,585822121.0,89587736.0,0.0,89274302.0,40715174.0,5286455.0,439799071.0,59114.0,710096.0,453247.0,0.0,1840.0,0.0,0.0,0.0,0.0,0.0,240024.0,0.0,31181016.0,11748.0,947450.0,16493377.0,0.0,0.0,0.0,0.0,0.0,0.0,7680000.0,0.0,0.0,23330000.0,0.0,0.0,7680447.0,0.0,0.0,0.0,0.0,0.0,0.0,0.0,0.0,0.0,0.0,0.0,0.0,0.0,0.0,0.0,0.0,87922215.0,40549219.0,1352087.0,165955.0,0.0,0.0,663863361.0,1644.0,104.0,0.0,464.0,0.0,461293031.0,3690344248.0,125002406.13959625,461293031.0,10002566906250.0,21683.76,0.0,0.0,1644000.0002931727,0.0013080015676624308,0.012016035652261062
354752271.0,209486.0,29501028406.0,354752271.0,45287512.0,585848019.0,89587763.0,0.0,89277476.0,40712894.0,5285542.0,439822800.0,58826.0,712150.0,453056.0,0.0,1840.0,0.0,0.0,0.0,0.0,0.0,240024.0,0.0,31180978.0,11958.0,947718.0,16493230.0,0.0,0.0,0.0,0.0,0.0,0.0,7680000.0,0.0,0.0,23330000.0,0.0,0.0,7680409.0,0.0,0.0,0.0,0.0,0.0,0.0,0.0,0.0,0.0,0.0,0.0,0.0,0.0,0.0,0.0,0.0,87925197.0,40547129.0,1352279.0,165765.0,0.0,0.0,663888901.0,1641.0,104.0,0.0,466.0,0.0,461311732.0,3690493856.0,125097125.60560828,461311732.0,10004053808750.0,21686.1,0.0,0.0,1641000.0002931624,0.0013135927183394972,0.012025081502848542
354665555.0,208715.0,29494512890.0,354665555.0,45272656.0,585691864.0,89586643.0,0.0,89255894.0,40704077.0,5285754.0,439698582.0,58560.0,710708.0,453046.0,0.0,1840.0,0.0,0.0,0.0,0.0,0.0,240024.0,0.0,31181062.0,11730.0,947356.0,16493006.0,0.0,0.0,0.0,0.0,0.0,0.0,7680000.0,0.0,0.0,23330000.0,0.0,0.0,7680407.0,0.0,0.0,0.0,0.0,0.0,0.0,0.0,0.0,0.0,0.0,0.0,0.0,0.0,0.0,0.0,0.0,87903981.0,40538322.0,1351913.0,165755.0,0.0,0.0,663732046.0,1640.0,104.0,0.0,466.0,0.0,461192177.0,3689537416.0,125092332.58946016,461192177.0,10002432726500.0,21688.21,0.0,0.0,1640000.0002932341,0.00131391389276582,0.012024797843677831
354693468.0,207380.0,29505159070.0,354693468.0,45276860.0,585737622.0,89587371.0,0.0,89260610.0,40708338.0,5285793.0,439734814.0,58745.0,711069.0,453190.0,0.0,1840.0,0.0,0.0,0.0,0.0,0.0,240024.0,0.0,31181026.0,11748.0,947406.0,16493248.0,0.0,0.0,0.0,0.0,0.0,0.0,7680000.0,0.0,0.0,23330000.0,0.0,0.0,7680436.0,0.0,0.0,0.0,0.0,0.0,0.0,0.0,0.0,0.0,0.0,0.0,0.0,0.0,0.0,0.0,0.0,87908589.0,40542438.0,1352021.0,165900.0,0.0,0.0,663778287.0,1640.0,104.0,0.0,466.0,0.0,461233416.0,3689867328.0,125058377.73136263,461233416.0,10004148474000.0,21689.99,0.0,0.0,1640000.0002932108,0.0013138104928394113,0.01202140504169124
354693875.0,211626.0,29505330367.0,354693875.0,45277644.0,585744577.0,89587292.0,0.0,89263530.0,40707758.0,5285890.0,439739357.0,58637.0,711159.0,453093.0,0.0,1840.0,0.0,0.0,0.0,0.0,0.0,240024.0,0.0,31181040.0,11778.0,947504.0,16493203.0,0.0,0.0,0.0,0.0,0.0,0.0,7680000.0,0.0,0.0,23330000.0,0.0,0.0,7680416.0,0.0,0.0,0.0,0.0,0.0,0.0,0.0,0.0,0.0,0.0,0.0,0.0,0.0,0.0,0.0,0.0,87911451.0,40541958.0,1352079.0,165800.0,0.0,0.0,663785229.0,1640.0,104.0,0.0,466.0,0.0,461232123.0,3689856984.0,125057301.10810387,461232123.0,10003953882500.0,21689.63,0.0,0.0,1640000.0002932106,0.0013138089852834363,0.012021349043991878
355113610.0,209251.0,29513024083.0,355113610.0,45479109.0,586572130.0,89588241.0,0.0,89266671.0,40711913.0,5286399.0,440560284.0,58988.0,710149.0,453294.0,0.0,1840.0,0.0,0.0,0.0,0.0,0.0,240024.0,0.0,31181022.0,11820.0,947540.0,16493494.0,0.0,0.0,0.0,0.0,0.0,0.0,7680000.0,0.0,0.0,23330000.0,0.0,0.0,7680456.0,0.0,0.0,0.0,0.0,0.0,0.0,0.0,0.0,0.0,0.0,0.0,0.0,0.0,0.0,0.0,0.0,87914476.0,40545913.0,1352195.0,166000.0,0.0,0.0,664613894.0,1642.0,104.0,0.0,464.0,0.0,461659450.0,3693275600.0,125140534.21341491,461659450.0,10013836029250.0,21690.96,0.0,0.0,1642000.0002928642,0.0013066240970037728,0.012032437238600412
354682896.0,212891.0,29514289454.0,354682896.0,45275152.0,585721616.0,89587048.0,0.0,89259860.0,40706092.0,5285719.0,439722054.0,58393.0,711205.0,453025.0,0.0,1840.0,0.0,0.0,0.0,0.0,0.0,240024.0,0.0,31181044.0,11808.0,947506.0,16493113.0,0.0,0.0,0.0,0.0,0.0,0.0,7680000.0,0.0,0.0,23330000.0,0.0,0.0,7680402.0,0.0,0.0,0.0,0.0,0.0,0.0,0.0,0.0,0.0,0.0,0.0,0.0,0.0,0.0,0.0,0.0,87907807.0,40540362.0,1352053.0,165730.0,0.0,0.0,663762085.0,1644.0,104.0,0.0,466.0,0.0,461217781.0,3689742248.0,125015452.38792588,461217781.0,9999559808000.0,21680.78,0.0,0.0,1644000.0002932197,0.0013138496534662331,0.012017327964232277
355130533.0,213055.0,29520510241.0,355130533.0,45482500.0,586605518.0,89588112.0,0.0,89271576.0,40712766.0,5286179.0,440587659.0,58856.0,710332.0,453189.0,0.0,1840.0,0.0,0.0,0.0,0.0,0.0,240024.0,0.0,31181020.0,11838.0,947650.0,16493419.0,0.0,0.0,0.0,0.0,0.0,0.0,7680000.0,0.0,0.0,23330000.0,0.0,0.0,7680436.0,0.0,0.0,0.0,0.0,0.0,0.0,0.0,0.0,0.0,0.0,0.0,0.0,0.0,0.0,0.0,0.0,87919311.0,40546866.0,1352265.0,165900.0,0.0,0.0,664646784.0,1641.0,104.0,0.0,466.0,0.0,461681916.0,3693455328.0,125114887.84737499,461681916.0,10013697456500.0,21689.6,0.0,0.0,1641000.00029285,0.0013121935646124802,0.012029959174173476
354719090.0,211919.0,29498131970.0,354719090.0,45282738.0,585789317.0,89587806.0,0.0,89267420.0,40710228.0,5286121.0,439777174.0,58568.0,712102.0,453049.0,0.0,1840.0,0.0,0.0,0.0,0.0,0.0,240024.0,0.0,31180982.0,11904.0,947742.0,16493297.0,0.0,0.0,0.0,0.0,0.0,0.0,7680000.0,0.0,0.0,23330000.0,0.0,0.0,7680407.0,0.0,0.0,0.0,0.0,0.0,0.0,0.0,0.0,0.0,0.0,0.0,0.0,0.0,0.0,0.0,0.0,87915121.0,40544473.0,1352299.0,165755.0,0.0,0.0,663830858.0,1640.0,104.0,0.0,466.0,0.0,461267444.0,3690139552.0,125097397.88787039,461267444.0,10003919344500.0,21687.89,0.0,0.0,1640000.0002931897,0.0013137155939365991,0.012025137400590455
354738951.0,208772.0,29529423685.0,354738951.0,45283370.0,585811015.0,89589221.0,0.0,89272659.0,40712984.0,5285766.0,439792416.0,59498.0,708799.0,453454.0,0.0,1840.0,0.0,0.0,0.0,0.0,0.0,240024.0,0.0,31181040.0,11880.0,947630.0,16493768.0,0.0,0.0,0.0,0.0,0.0,0.0,7680000.0,0.0,0.0,23330000.0,0.0,0.0,7680488.0,0.0,0.0,0.0,0.0,0.0,0.0,0.0,0.0,0.0,0.0,0.0,0.0,0.0,0.0,0.0,0.0,87920310.0,40546824.0,1352349.0,166160.0,0.0,0.0,663852246.0,1641.0,104.0,0.0,464.0,0.0,461294901.0,3690359208.0,124972273.32867265,461294901.0,10004779382500.0,21688.47,0.0,0.0,1641000.0002931734,0.0013080040934100863,0.012013067196438243
354774772.0,209360.0,29503980970.0,354774772.0,45289972.0,585884693.0,89588653.0,0.0,89281987.0,40718723.0,5286814.0,439850063.0,59121.0,710619.0,453312.0,0.0,1840.0,0.0,0.0,0.0,0.0,0.0,240024.0,0.0,31180970.0,11808.0,947674.0,16493650.0,0.0,0.0,0.0,0.0,0.0,0.0,7680000.0,0.0,0.0,23330000.0,0.0,0.0,7680460.0,0.0,0.0,0.0,0.0,0.0,0.0,0.0,0.0,0.0,0.0,0.0,0.0,0.0,0.0,0.0,0.0,87929650.0,40552703.0,1352337.0,166020.0,0.0,0.0,663927065.0,1640.0,104.0,0.0,466.0,0.0,461342827.0,3690742616.0,125093038.11417148,461342827.0,10005477703250.0,21687.73,0.0,0.0,1640000.0002931438,0.0013135094059055585,0.012024640754776083
354748550.0,212144.0,29531611978.0,354748550.0,45284848.0,585840195.0,89587918.0,0.0,89276586.0,40715125.0,5286378.0,439814481.0,59025.0,710917.0,453247.0,0.0,1840.0,0.0,0.0,0.0,0.0,0.0,240024.0,0.0,31180994.0,11766.0,947516.0,16493431.0,0.0,0.0,0.0,0.0,0.0,0.0,7680000.0,0.0,0.0,23330000.0,0.0,0.0,7680447.0,0.0,0.0,0.0,0.0,0.0,0.0,0.0,0.0,0.0,0.0,0.0,0.0,0.0,0.0,0.0,0.0,87924433.0,40549170.0,1352153.0,165955.0,0.0,0.0,663881777.0,1642.0,104.0,0.0,464.0,0.0,461305318.0,3690442544.0,124965834.80607995,461305318.0,10009131543250.0,21697.41,0.0,0.0,1642000.0002931654,0.0013079687006472612,0.01201250206945273
354724504.0,216651.0,29499505199.0,354724504.0,45281789.0,585793402.0,89588252.0,0.0,89270457.0,40711797.0,5285762.0,439777746.0,59173.0,709688.0,453239.0,0.0,1840.0,0.0,0.0,0.0,0.0,0.0,240024.0,0.0,31181058.0,11856.0,947612.0,16493439.0,0.0,0.0,0.0,0.0,0.0,0.0,7680000.0,0.0,0.0,23330000.0,0.0,0.0,7680446.0,0.0,0.0,0.0,0.0,0.0,0.0,0.0,0.0,0.0,0.0,0.0,0.0,0.0,0.0,0.0,0.0,87918210.0,40545847.0,1352247.0,165950.0,0.0,0.0,663834137.0,1640.0,104.0,0.0,466.0,0.0,461273010.0,3690184080.0,125093083.93840764,461273010.0,10004244327000.0,21688.34,0.0,0.0,1640000.0002931852,0.0013136955432884333,0.012024761147926805
354757786.0,209755.0,29529223008.0,354757786.0,45288137.0,585852338.0,89588487.0,0.0,89275063.0,40714607.0,5285706.0,439829050.0,59134.0,710186.0,453250.0,0.0,1840.0,0.0,0.0,0.0,0.0,0.0,240024.0,0.0,31180990.0,11844.0,947690.0,16493572.0,0.0,0.0,0.0,0.0,0.0,0.0,7680000.0,0.0,0.0,23330000.0,0.0,0.0,7680447.0,0.0,0.0,0.0,0.0,0.0,0.0,0.0,0.0,0.0,0.0,0.0,0.0,0.0,0.0,0.0,0.0,87922736.0,40548652.0,1352327.0,165955.0,0.0,0.0,663893403.0,1641.0,104.0,0.0,466.0,0.0,461320046.0,3690560368.0,124979934.85978824,461320046.0,10005306840000.0,21688.43,0.0,0.0,1641000.0002931578,0.00131357229746608,0.012013786678501148
354698489.0,205984.0,29521930901.0,354698489.0,45278586.0,585749798.0,89587884.0,0.0,89263765.0,40708392.0,5285940.0,439744474.0,58660.0,710131.0,453093.0,0.0,1840.0,0.0,0.0,0.0,0.0,0.0,240024.0,0.0,31181004.0,11934.0,947698.0,16493287.0,0.0,0.0,0.0,0.0,0.0,0.0,7680000.0,0.0,0.0,23330000.0,0.0,0.0,7680416.0,0.0,0.0,0.0,0.0,0.0,0.0,0.0,0.0,0.0,0.0,0.0,0.0,0.0,0.0,0.0,0.0,87911492.0,40542592.0,1352273.0,165800.0,0.0,0.0,663790658.0,1643.0,104.0,0.0,464.0,0.0,461239464.0,3689915712.0,124988969.19628692,461239464.0,10001909940000.0,21684.85,0.0,0.0,1643000.0002932067,0.001308153303128393,0.012014745586576291
354739581.0,209903.0,29501887200.0,354739581.0,45284962.0,585824536.0,89588666.0,0.0,89274421.0,40713144.0,5286191.0,439802721.0,58868.0,711176.0,453139.0,0.0,1840.0,0.0,0.0,0.0,0.0,0.0,240024.0,0.0,31181006.0,12000.0,947882.0,16493505.0,0.0,0.0,0.0,0.0,0.0,0.0,7680000.0,0.0,0.0,23330000.0,0.0,0.0,7680425.0,0.0,0.0,0.0,0.0,0.0,0.0,0.0,0.0,0.0,0.0,0.0,0.0,0.0,0.0,0.0,0.0,87921946.0,40547299.0,1352475.0,165845.0,0.0,0.0,663866342.0,1640.0,104.0,0.0,466.0,0.0,461294354.0,3690354832.0,125088771.67695226,461294354.0,10004679491250.0,21688.28,0.0,0.0,1640000.000293173,0.0013136397091251003,0.012024301313171585
354679885.0,209841.0,29495099333.0,354679885.0,45274549.0,585713874.0,89587967.0,0.0,89259816.0,40706169.0,5285617.0,439714898.0,58711.0,709776.0,453122.0,0.0,1840.0,0.0,0.0,0.0,0.0,0.0,240024.0,0.0,31181064.0,11904.0,947668.0,16493318.0,0.0,0.0,0.0,0.0,0.0,0.0,7680000.0,0.0,0.0,23330000.0,0.0,0.0,7680422.0,0.0,0.0,0.0,0.0,0.0,0.0,0.0,0.0,0.0,0.0,0.0,0.0,0.0,0.0,0.0,0.0,87907561.0,40540339.0,1352255.0,165830.0,0.0,0.0,663754349.0,1641.0,104.0,0.0,466.0,0.0,461213425.0,3689707400.0,125095608.53968188,461213425.0,10001943676750.0,21686.15,0.0,0.0,1641000.0002932223,0.0013138608071895591,0.012025044601330552
354745547.0,210819.0,29501484062.0,354745547.0,45284554.0,585830425.0,89588067.0,0.0,89274351.0,40714386.0,5285995.0,439808016.0,59125.0,710365.0,453270.0,0.0,1840.0,0.0,0.0,0.0,0.0,0.0,240024.0,0.0,31181016.0,11826.0,947514.0,16493440.0,0.0,0.0,0.0,0.0,0.0,0.0,7680000.0,0.0,0.0,23330000.0,0.0,0.0,7680451.0,0.0,0.0,0.0,0.0,0.0,0.0,0.0,0.0,0.0,0.0,0.0,0.0,0.0,0.0,0.0,0.0,87922192.0,40548411.0,1352159.0,165975.0,0.0,0.0,663871619.0,1640.0,104.0,0.0,466.0,0.0,461301156.0,3690409248.0,125092325.53332828,461301156.0,10003782121000.0,21686.01,0.0,0.0,1640000.0002931678,0.0013136176167420643,0.012024667852453477
354600490.0,211329.0,29489033456.0,354600490.0,45260401.0,585567652.0,89587253.0,0.0,89240431.0,40698222.0,5285869.0,439597365.0,58198.0,708790.0,453032.0,0.0,1840.0,0.0,0.0,0.0,0.0,0.0,240024.0,0.0,31181104.0,11898.0,947544.0,16493070.0,0.0,0.0,0.0,0.0,0.0,0.0,7680000.0,0.0,0.0,23330000.0,0.0,0.0,7680404.0,0.0,0.0,0.0,0.0,0.0,0.0,0.0,0.0,0.0,0.0,0.0,0.0,0.0,0.0,0.0,0.0,87888336.0,40532482.0,1352095.0,165740.0,0.0,0.0,663607791.0,1640.0,104.0,0.0,466.0,0.0,461105885.0,3688847080.0,125092166.39819868,461105885.0,10000749486000.0,21688.62,0.0,0.0,1640000.0002932877,0.0013141549804401003,0.012024825789190152
354736843.0,213728.0,29500758736.0,354736843.0,45286149.0,585820019.0,89586953.0,0.0,89271121.0,40709992.0,5285512.0,439804521.0,58679.0,711979.0,453004.0,0.0,1840.0,0.0,0.0,0.0,0.0,0.0,240024.0,0.0,31180972.0,11814.0,947532.0,16493090.0,0.0,0.0,0.0,0.0,0.0,0.0,7680000.0,0.0,0.0,23330000.0,0.0,0.0,7680398.0,0.0,0.0,0.0,0.0,0.0,0.0,0.0,0.0,0.0,0.0,0.0,0.0,0.0,0.0,0.0,0.0,87919050.0,40544282.0,1352071.0,165710.0,0.0,0.0,663860478.0,1640.0,104.0,0.0,466.0,0.0,461290264.0,3690322112.0,125092447.45277251,461290264.0,10003550092750.0,21686.02,0.0,0.0,1640000.0002931752,0.0013136498483186873,0.012024668455971336
354723259.0,213611.0,29498611107.0,354723259.0,45282352.0,585797115.0,89587687.0,0.0,89269037.0,40710570.0,5286267.0,439783135.0,58499.0,711981.0,452976.0,0.0,1840.0,0.0,0.0,0.0,0.0,0.0,240024.0,0.0,31180994.0,11964.0,947798.0,16493196.0,0.0,0.0,0.0,0.0,0.0,0.0,7680000.0,0.0,0.0,23330000.0,0.0,0.0,7680393.0,0.0,0.0,0.0,0.0,0.0,0.0,0.0,0.0,0.0,0.0,0.0,0.0,0.0,0.0,0.0,0.0,87916710.0,40544885.0,1352327.0,165685.0,0.0,0.0,663838674.0,1640.0,104.0,0.0,466.0,0.0,461270404.0,3690163232.0,125096168.71840881,461270404.0,10004158196000.0,21688.27,0.0,0.0,1640000.0002931864,0.0013137001540685551,0.012025083408615954
354730517.0,206305.0,29507064535.0,354730517.0,45284296.0,585806403.0,89588751.0,0.0,89268623.0,40712052.0,5285593.0,439791409.0,59218.0,710869.0,453208.0,0.0,1840.0,0.0,0.0,0.0,0.0,0.0,240024.0,0.0,31181018.0,11976.0,947818.0,16493536.0,0.0,0.0,0.0,0.0,0.0,0.0,7680000.0,0.0,0.0,23330000.0,0.0,0.0,7680439.0,0.0,0.0,0.0,0.0,0.0,0.0,0.0,0.0,0.0,0.0,0.0,0.0,0.0,0.0,0.0,0.0,87916184.0,40546137.0,1352439.0,165915.0,0.0,0.0,663847623.0,1641.0,104.0,0.0,466.0,0.0,461280556.0,3690244448.0,125063082.55851042,461280556.0,10003935669750.0,21687.31,0.0,0.0,1641000.0002931803,0.00131367327497228,0.012021884338214465
354718687.0,212881.0,29527876103.0,354718687.0,45281387.0,585787440.0,89587536.0,0.0,89269194.0,40710239.0,5286085.0,439775007.0,58673.0,709959.0,453105.0,0.0,1840.0,0.0,0.0,0.0,0.0,0.0,240024.0,0.0,31181008.0,11856.0,947576.0,16493221.0,0.0,0.0,0.0,0.0,0.0,0.0,7680000.0,0.0,0.0,23330000.0,0.0,0.0,7680419.0,0.0,0.0,0.0,0.0,0.0,0.0,0.0,0.0,0.0,0.0,0.0,0.0,0.0,0.0,0.0,0.0,87917037.0,40544424.0,1352157.0,165815.0,0.0,0.0,663828206.0,1642.0,104.0,0.0,466.0,0.0,461265904.0,3690127232.0,124970967.06610358,461265904.0,10007708760000.0,21696.18,0.0,0.0,1642000.0002931901,0.001313717086464069,0.012013010545108626
354668599.0,209614.0,29494732991.0,354668599.0,45273178.0,585694482.0,89586626.0,0.0,89256563.0,40704888.0,5285227.0,439700206.0,58568.0,709875.0,453021.0,0.0,1840.0,0.0,0.0,0.0,0.0,0.0,240024.0,0.0,31181052.0,11742.0,947386.0,16492997.0,0.0,0.0,0.0,0.0,0.0,0.0,7680000.0,0.0,0.0,23330000.0,0.0,0.0,7680402.0,0.0,0.0,0.0,0.0,0.0,0.0,0.0,0.0,0.0,0.0,0.0,0.0,0.0,0.0,0.0,0.0,87904630.0,40539158.0,1351933.0,165730.0,0.0,0.0,663733791.0,1640.0,104.0,0.0,466.0,0.0,461197936.0,3689583488.0,125092961.1441418,461197936.0,10002595851500.0,21688.29,0.0,0.0,1640000.0002932316,0.001313902615889601,0.012024811314895554
354739014.0,210577.0,29502393569.0,354739014.0,45283591.0,585821993.0,89588038.0,0.0,89273372.0,40714740.0,5286679.0,439799891.0,58778.0,711262.0,453171.0,0.0,1840.0,0.0,0.0,0.0,0.0,0.0,240024.0,0.0,31180980.0,11892.0,947660.0,16493359.0,0.0,0.0,0.0,0.0,0.0,0.0,7680000.0,0.0,0.0,23330000.0,0.0,0.0,7680433.0,0.0,0.0,0.0,0.0,0.0,0.0,0.0,0.0,0.0,0.0,0.0,0.0,0.0,0.0,0.0,0.0,87921103.0,40548855.0,1352269.0,165885.0,0.0,0.0,663864081.0,1641.0,104.0,0.0,466.0,0.0,461292939.0,3690343512.0,125086240.99834643,461292939.0,10004498869250.0,21687.95,0.0,0.0,1641000.0002931734,0.0013136418087918572,0.012024075713393857
354673181.0,216912.0,29494183215.0,354673181.0,45273625.0,585699906.0,89587420.0,0.0,89256312.0,40705407.0,5285318.0,439705083.0,58890.0,709953.0,453133.0,0.0,1840.0,0.0,0.0,0.0,0.0,0.0,240024.0,0.0,31181068.0,11838.0,947474.0,16493191.0,0.0,0.0,0.0,0.0,0.0,0.0,7680000.0,0.0,0.0,23330000.0,0.0,0.0,7680424.0,0.0,0.0,0.0,0.0,0.0,0.0,0.0,0.0,0.0,0.0,0.0,0.0,0.0,0.0,0.0,0.0,87904247.0,40539567.0,1352065.0,165840.0,0.0,0.0,663739955.0,1640.0,104.0,0.0,466.0,0.0,461203398.0,3689627184.0,125096774.40816697,461203398.0,10002309643000.0,21687.42,0.0,0.0,1640000.0002932276,0.001313885641666264,0.012025190811848696
354746595.0,211966.0,29510414964.0,354746595.0,45287402.0,585842330.0,89587329.0,0.0,89275303.0,40712317.0,5286172.0,439820231.0,58485.0,712140.0,452972.0,0.0,1840.0,0.0,0.0,0.0,0.0,0.0,240024.0,0.0,31180952.0,11856.0,947710.0,16493176.0,0.0,0.0,0.0,0.0,0.0,0.0,7680000.0,0.0,0.0,23330000.0,0.0,0.0,7680392.0,0.0,0.0,0.0,0.0,0.0,0.0,0.0,0.0,0.0,0.0,0.0,0.0,0.0,0.0,0.0,0.0,87923066.0,40546637.0,1352237.0,165680.0,0.0,0.0,663883570.0,1640.0,104.0,0.0,466.0,0.0,461303690.0,3690429520.0,125055155.0868392,461303690.0,10005843286000.0,21690.36,0.0,0.0,1640000.000293167,0.001313613736024725,0.012021064272825656
354691077.0,212363.0,29504458454.0,354691077.0,45276921.0,585737150.0,89587046.0,0.0,89260533.0,40706969.0,5285366.0,439736268.0,58816.0,710366.0,453077.0,0.0,1840.0,0.0,0.0,0.0,0.0,0.0,240024.0,0.0,31181030.0,11748.0,947454.0,16493141.0,0.0,0.0,0.0,0.0,0.0,0.0,7680000.0,0.0,0.0,23330000.0,0.0,0.0,7680413.0,0.0,0.0,0.0,0.0,0.0,0.0,0.0,0.0,0.0,0.0,0.0,0.0,0.0,0.0,0.0,0.0,87908510.0,40541184.0,1352023.0,165785.0,0.0,0.0,663777045.0,1641.0,104.0,0.0,466.0,0.0,461226316.0,3689810528.0,125059422.24808949,461226316.0,10002979333250.0,21687.79,0.0,0.0,1641000.000293213,0.001313819349337621,0.012021609464650708
354665791.0,212495.0,29502698325.0,354665791.0,45271720.0,585687639.0,89587464.0,0.0,89258188.0,40704519.0,5285876.0,439692622.0,58589.0,709010.0,453085.0,0.0,1840.0,0.0,0.0,0.0,0.0,0.0,240024.0,0.0,31181092.0,11850.0,947544.0,16493195.0,0.0,0.0,0.0,0.0,0.0,0.0,7680000.0,0.0,0.0,23330000.0,0.0,0.0,7680414.0,0.0,0.0,0.0,0.0,0.0,0.0,0.0,0.0,0.0,0.0,0.0,0.0,0.0,0.0,0.0,0.0,87906073.0,40538729.0,1352115.0,165790.0,0.0,0.0,663727848.0,1640.0,104.0,0.0,466.0,0.0,461193972.0,3689551776.0,125058112.83280306,461193972.0,10001990086750.0,21687.17,0.0,0.0,1640000.000293234,0.0013139130184675748,0.012021469598916763
354680133.0,211890.0,29495076743.0,354680133.0,45274073.0,585712701.0,89587455.0,0.0,89260446.0,40706824.0,5286151.0,439712864.0,58564.0,709510.0,453096.0,0.0,1840.0,0.0,0.0,0.0,0.0,0.0,240024.0,0.0,31181056.0,11832.0,947548.0,16493198.0,0.0,0.0,0.0,0.0,0.0,0.0,7680000.0,0.0,0.0,23330000.0,0.0,0.0,7680417.0,0.0,0.0,0.0,0.0,0.0,0.0,0.0,0.0,0.0,0.0,0.0,0.0,0.0,0.0,0.0,0.0,87908321.0,40541019.0,1352125.0,165805.0,0.0,0.0,663753370.0,1640.0,104.0,0.0,466.0,0.0,461214080.0,3689712640.0,125095882.00599177,461214080.0,10001890150750.0,21686.0,0.0,0.0,1640000.000293222,0.0013138598885097407,0.012025062219381254
354694276.0,215370.0,29496874406.0,354694276.0,45277612.0,585739738.0,89587641.0,0.0,89261806.0,40708125.0,5285342.0,439736486.0,58828.0,710135.0,453116.0,0.0,1840.0,0.0,0.0,0.0,0.0,0.0,240024.0,0.0,31181038.0,11826.0,947590.0,16493268.0,0.0,0.0,0.0,0.0,0.0,0.0,7680000.0,0.0,0.0,23330000.0,0.0,0.0,7680421.0,0.0,0.0,0.0,0.0,0.0,0.0,0.0,0.0,0.0,0.0,0.0,0.0,0.0,0.0,0.0,0.0,87909631.0,40542300.0,1352175.0,165825.0,0.0,0.0,663779845.0,1640.0,104.0,0.0,466.0,0.0,461233184.0,3689865472.0,125093439.4340249,461233184.0,10002237674750.0,21685.86,0.0,0.0,1640000.0002932101,0.0013138074999552573,0.012024808836283046
354747967.0,206157.0,29531635421.0,354747967.0,45286749.0,585839856.0,89587714.0,0.0,89275092.0,40712829.0,5286143.0,439818298.0,58528.0,710912.0,453041.0,0.0,1840.0,0.0,0.0,0.0,0.0,0.0,240024.0,0.0,31180950.0,11898.0,947730.0,16493291.0,0.0,0.0,0.0,0.0,0.0,0.0,7680000.0,0.0,0.0,23330000.0,0.0,0.0,7680405.0,0.0,0.0,0.0,0.0,0.0,0.0,0.0,0.0,0.0,0.0,0.0,0.0,0.0,0.0,0.0,0.0,87922809.0,40547084.0,1352283.0,165745.0,0.0,0.0,663880981.0,1641.0,104.0,0.0,464.0,0.0,461306864.0,3690454912.0,124966154.40998268,461306864.0,10005311942500.0,21689.06,0.0,0.0,1641000.000293166,0.0013079708501895376,0.012012472792066844
354685513.0,213126.0,29505196111.0,354685513.0,45275291.0,585721706.0,89587689.0,0.0,89258900.0,40707644.0,5285987.0,439722555.0,58788.0,709380.0,453164.0,0.0,1840.0,0.0,0.0,0.0,0.0,0.0,240024.0,0.0,31181034.0,11820.0,947540.0,16493290.0,0.0,0.0,0.0,0.0,0.0,0.0,7680000.0,0.0,0.0,23330000.0,0.0,0.0,7680431.0,0.0,0.0,0.0,0.0,0.0,0.0,0.0,0.0,0.0,0.0,0.0,0.0,0.0,0.0,0.0,0.0,87906755.0,40541769.0,1352145.0,165875.0,0.0,0.0,663762397.0,1640.0,104.0,0.0,466.0,0.0,461220922.0,3689767376.0,125054833.12562688,461220922.0,10004123189500.0,21690.52,0.0,0.0,1640000.0002932174,0.001313839959400879,0.01202112033641992
354787578.0,211837.0,29515012756.0,354787578.0,45291107.0,585905569.0,89589342.0,0.0,89286781.0,40721228.0,5286955.0,439864039.0,59471.0,709368.0,453421.0,0.0,1840.0,0.0,0.0,0.0,0.0,0.0,240024.0,0.0,31181000.0,11910.0,947730.0,16493789.0,0.0,0.0,0.0,0.0,0.0,0.0,7680000.0,0.0,0.0,23330000.0,0.0,0.0,7680482.0,0.0,0.0,0.0,0.0,0.0,0.0,0.0,0.0,0.0,0.0,0.0,0.0,0.0,0.0,0.0,0.0,87934344.0,40555098.0,1352437.0,166130.0,0.0,0.0,663948038.0,1640.0,104.0,0.0,466.0,0.0,461359709.0,3690877672.0,125050858.1010081,461359709.0,10007273141000.0,21690.83,0.0,0.0,1640000.000293133,0.0013134619949969049,0.012020580202116854
354725425.0,214404.0,29493686679.0,354725425.0,45284203.0,585802003.0,89587844.0,0.0,89268436.0,40710327.0,5286294.0,439789331.0,58401.0,711595.0,453025.0,0.0,1840.0,0.0,0.0,0.0,0.0,0.0,240024.0,0.0,31180972.0,11898.0,947792.0,16493319.0,0.0,0.0,0.0,0.0,0.0,0.0,7680000.0,0.0,0.0,23330000.0,0.0,0.0,7680402.0,0.0,0.0,0.0,0.0,0.0,0.0,0.0,0.0,0.0,0.0,0.0,0.0,0.0,0.0,0.0,0.0,87916097.0,40544597.0,1352339.0,165730.0,0.0,0.0,663843656.0,1641.0,104.0,0.0,464.0,0.0,461276187.0,3690209496.0,125118624.06904496,461276187.0,10004004917750.0,21687.67,0.0,0.0,1641000.0002931845,0.0013080539687844478,0.012027164622067084
354730938.0,211983.0,29500129960.0,354730938.0,45282086.0,585803310.0,89588343.0,0.0,89272667.0,40712984.0,5286397.0,439783876.0,58899.0,710723.0,453266.0,0.0,1840.0,0.0,0.0,0.0,0.0,0.0,240024.0,0.0,31181034.0,11892.0,947604.0,16493460.0,0.0,0.0,0.0,0.0,0.0,0.0,7680000.0,0.0,0.0,23330000.0,0.0,0.0,7680451.0,0.0,0.0,0.0,0.0,0.0,0.0,0.0,0.0,0.0,0.0,0.0,0.0,0.0,0.0,0.0,0.0,87920418.0,40547009.0,1352249.0,165975.0,0.0,0.0,663845117.0,1640.0,104.0,0.0,466.0,0.0,461282911.0,3690263288.0,125093119.69146322,461282911.0,10004419790250.0,21688.25,0.0,0.0,1640000.0002931799,0.0013136717158851252,0.012024724585315014
354685041.0,210374.0,29519133204.0,354685041.0,45276424.0,585725902.0,89586774.0,0.0,89261484.0,40705765.0,5285574.0,439725155.0,58533.0,710844.0,453009.0,0.0,1840.0,0.0,0.0,0.0,0.0,0.0,240024.0,0.0,31181018.0,11820.0,947452.0,16493005.0,0.0,0.0,0.0,0.0,0.0,0.0,7680000.0,0.0,0.0,23330000.0,0.0,0.0,7680399.0,0.0,0.0,0.0,0.0,0.0,0.0,0.0,0.0,0.0,0.0,0.0,0.0,0.0,0.0,0.0,0.0,87909491.0,40540050.0,1351993.0,165715.0,0.0,0.0,663765922.0,1644.0,104.0,0.0,464.0,0.0,461220907.0,3689767256.0,124995785.97043686,461220907.0,10001219507000.0,21684.23,0.0,0.0,1644000.0002932178,0.0013082029021911866,0.012015428723765448
354665927.0,212182.0,29492988871.0,354665927.0,45273159.0,585690054.0,89587291.0,0.0,89255880.0,40704210.0,5285804.0,439697182.0,58296.0,710140.0,452994.0,0.0,1840.0,0.0,0.0,0.0,0.0,0.0,240024.0,0.0,31181038.0,11928.0,947632.0,16493072.0,0.0,0.0,0.0,0.0,0.0,0.0,7680000.0,0.0,0.0,23330000.0,0.0,0.0,7680397.0,0.0,0.0,0.0,0.0,0.0,0.0,0.0,0.0,0.0,0.0,0.0,0.0,0.0,0.0,0.0,0.0,87903711.0,40538505.0,1352169.0,165705.0,0.0,0.0,663730437.0,1640.0,104.0,0.0,466.0,0.0,461197060.0,3689576480.0,125100121.12159657,461197060.0,10002746849000.0,21688.66,0.0,0.0,1640000.0002932337,0.0013139125146352161,0.01202543182555287
354713185.0,211382.0,29498660652.0,354713185.0,45280604.0,585776277.0,89587701.0,0.0,89266925.0,40710734.0,5286160.0,439763715.0,58742.0,712539.0,453152.0,0.0,1840.0,0.0,0.0,0.0,0.0,0.0,240024.0,0.0,31181000.0,11850.0,947564.0,16493294.0,0.0,0.0,0.0,0.0,0.0,0.0,7680000.0,0.0,0.0,23330000.0,0.0,0.0,7680428.0,0.0,0.0,0.0,0.0,0.0,0.0,0.0,0.0,0.0,0.0,0.0,0.0,0.0,0.0,0.0,0.0,87914762.0,40544874.0,1352163.0,165860.0,0.0,0.0,663817967.0,1640.0,104.0,0.0,466.0,0.0,461258749.0,3690069992.0,125092797.78944181,461258749.0,10002841350500.0,21685.97,0.0,0.0,1640000.0002931948,0.0013137374636919684,0.012024721704642903
354718093.0,205158.0,29499314844.0,354718093.0,45280260.0,585785030.0,89587878.0,0.0,89269478.0,40712183.0,5286638.0,439770100.0,58643.0,710465.0,453199.0,0.0,1840.0,0.0,0.0,0.0,0.0,0.0,240024.0,0.0,31181010.0,11820.0,947556.0,16493377.0,0.0,0.0,0.0,0.0,0.0,0.0,7680000.0,0.0,0.0,23330000.0,0.0,0.0,7680437.0,0.0,0.0,0.0,0.0,0.0,0.0,0.0,0.0,0.0,0.0,0.0,0.0,0.0,0.0,0.0,0.0,87917305.0,40546278.0,1352173.0,165905.0,0.0,0.0,663826770.0,1640.0,104.0,0.0,466.0,0.0,461266701.0,3690133608.0,125092180.19179022,461266701.0,10002879410500.0,21685.67,0.0,0.0,1640000.0002931906,0.0013137192863742647,0.012024621414966448
354709478.0,203075.0,29507095907.0,354709478.0,45277763.0,585769957.0,89587221.0,0.0,89269199.0,40710713.0,5286603.0,439757574.0,58385.0,709697.0,453058.0,0.0,1840.0,0.0,0.0,0.0,0.0,0.0,240024.0,0.0,31181028.0,11826.0,947528.0,16493146.0,0.0,0.0,0.0,0.0,0.0,0.0,7680000.0,0.0,0.0,23330000.0,0.0,0.0,7680409.0,0.0,0.0,0.0,0.0,0.0,0.0,0.0,0.0,0.0,0.0,0.0,0.0,0.0,0.0,0.0,0.0,87917110.0,40544948.0,1352089.0,165765.0,0.0,0.0,663811030.0,1640.0,104.0,0.0,466.0,0.0,461253184.0,3690025472.0,125055528.46102388,461253184.0,10004515073250.0,21689.86,0.0,0.0,1640000.0002931976,0.0013137511933075552,0.01202115854159175
354732329.0,210833.0,29500649925.0,354732329.0,45283148.0,585806558.0,89588443.0,0.0,89271723.0,40711507.0,5286212.0,439790445.0,58670.0,709636.0,453124.0,0.0,1840.0,0.0,0.0,0.0,0.0,0.0,240024.0,0.0,31180996.0,11946.0,947840.0,16493472.0,0.0,0.0,0.0,0.0,0.0,0.0,7680000.0,0.0,0.0,23330000.0,0.0,0.0,7680422.0,0.0,0.0,0.0,0.0,0.0,0.0,0.0,0.0,0.0,0.0,0.0,0.0,0.0,0.0,0.0,0.0,87919296.0,40545677.0,1352427.0,165830.0,0.0,0.0,663847857.0,1640.0,104.0,0.0,466.0,0.0,461284845.0,3690278760.0,125091439.32021354,461284845.0,10002996793250.0,21685.08,0.0,0.0,1640000.0002931787,0.001313666564628227,0.012024559794507646
354684458.0,210513.0,29496242088.0,354684458.0,45274682.0,585720419.0,89587100.0,0.0,89259641.0,40707095.0,5285465.0,439720900.0,58875.0,709543.0,453139.0,0.0,1840.0,0.0,0.0,0.0,0.0,0.0,240024.0,0.0,31181054.0,11748.0,947372.0,16493163.0,0.0,0.0,0.0,0.0,0.0,0.0,7680000.0,0.0,0.0,23330000.0,0.0,0.0,7680425.0,0.0,0.0,0.0,0.0,0.0,0.0,0.0,0.0,0.0,0.0,0.0,0.0,0.0,0.0,0.0,0.0,87907676.0,40541250.0,1351965.0,165845.0,0.0,0.0,663760284.0,1640.0,104.0,0.0,466.0,0.0,461218484.0,3689747872.0,125092134.14345774,461218484.0,10001885834750.0,21685.79,0.0,0.0,1640000.0002932183,0.0013138438673847952,0.012024733759026775
354550009.0,213825.0,29485105329.0,354550009.0,45252284.0,585472131.0,89587069.0,0.0,89228324.0,40691961.0,5285029.0,439520759.0,58356.0,707926.0,453136.0,0.0,1840.0,0.0,0.0,0.0,0.0,0.0,240024.0,0.0,31181170.0,11832.0,947326.0,16493030.0,0.0,0.0,0.0,0.0,0.0,0.0,7680000.0,0.0,0.0,23330000.0,0.0,0.0,7680425.0,0.0,0.0,0.0,0.0,0.0,0.0,0.0,0.0,0.0,0.0,0.0,0.0,0.0,0.0,0.0,0.0,87876405.0,40526116.0,1351919.0,165845.0,0.0,0.0,663511138.0,1640.0,104.0,0.0,466.0,0.0,461039450.0,3688315600.0,125090806.31882182,461039450.0,9997776312250.0,21685.29,0.0,0.0,1640000.0002933296,0.0013143420904552848,0.012024715701160588
354728489.0,208360.0,29507541372.0,354728489.0,45283694.0,585803767.0,89587767.0,0.0,89270121.0,40710330.0,5285793.0,439789356.0,58664.0,711118.0,453034.0,0.0,1840.0,0.0,0.0,0.0,0.0,0.0,240024.0,0.0,31181000.0,11910.0,947752.0,16493252.0,0.0,0.0,0.0,0.0,0.0,0.0,7680000.0,0.0,0.0,23330000.0,0.0,0.0,7680405.0,0.0,0.0,0.0,0.0,0.0,0.0,0.0,0.0,0.0,0.0,0.0,0.0,0.0,0.0,0.0,0.0,87917816.0,40544585.0,1352305.0,165745.0,0.0,0.0,663844599.0,1640.0,104.0,0.0,466.0,0.0,461279453.0,3690235624.0,125060762.51753396,461279453.0,10003941509750.0,21687.38,0.0,0.0,1640000.000293182,0.001313680785306195,0.012021621338354046
354656549.0,203342.0,29488325598.0,354656549.0,45271800.0,585671158.0,89587388.0,0.0,89253134.0,40704027.0,5285506.0,439680487.0,58525.0,710762.0,453107.0,0.0,1840.0,0.0,0.0,0.0,0.0,0.0,240024.0,0.0,31181056.0,11808.0,947510.0,16493201.0,0.0,0.0,0.0,0.0,0.0,0.0,7680000.0,0.0,0.0,23330000.0,0.0,0.0,7680419.0,0.0,0.0,0.0,0.0,0.0,0.0,0.0,0.0,0.0,0.0,0.0,0.0,0.0,0.0,0.0,0.0,87901043.0,40538212.0,1352091.0,165815.0,0.0,0.0,663711406.0,1640.0,104.0,0.0,464.0,0.0,461184079.0,3689472632.0,125116382.74403186,461184079.0,10002459067500.0,21688.65,0.0,0.0,1640000.0002932416,0.0013083079991284751,0.012027015498772642
354675587.0,209591.0,29495988606.0,354675587.0,45274416.0,585706951.0,89586803.0,0.0,89257879.0,40705115.0,5285768.0,439711015.0,58393.0,710409.0,453042.0,0.0,1840.0,0.0,0.0,0.0,0.0,0.0,240024.0,0.0,31181026.0,11760.0,947420.0,16493056.0,0.0,0.0,0.0,0.0,0.0,0.0,7680000.0,0.0,0.0,23330000.0,0.0,0.0,7680406.0,0.0,0.0,0.0,0.0,0.0,0.0,0.0,0.0,0.0,0.0,0.0,0.0,0.0,0.0,0.0,0.0,87905904.0,40539365.0,1351975.0,165750.0,0.0,0.0,663747153.0,1640.0,104.0,0.0,466.0,0.0,461208579.0,3689668632.0,125090522.69058229,461208579.0,10002853161750.0,21688.35,0.0,0.0,1640000.0002932257,0.001313876728707578,0.012024536344167586
354685263.0,212067.0,29495780621.0,354685263.0,45275621.0,585725754.0,89586688.0,0.0,89260944.0,40707095.0,5286016.0,439724815.0,58455.0,710346.0,453063.0,0.0,1840.0,0.0,0.0,0.0,0.0,0.0,240024.0,0.0,31181028.0,11706.0,947366.0,16493039.0,0.0,0.0,0.0,0.0,0.0,0.0,7680000.0,0.0,0.0,23330000.0,0.0,0.0,7680411.0,0.0,0.0,0.0,0.0,0.0,0.0,0.0,0.0,0.0,0.0,0.0,0.0,0.0,0.0,0.0,0.0,87909013.0,40541320.0,1351931.0,165775.0,0.0,0.0,663766148.0,1640.0,104.0,0.0,466.0,0.0,461221569.0,3689772552.0,125094927.96312048,461221569.0,10001830557500.0,21685.52,0.0,0.0,1640000.0002932176,0.0013138408854613168,0.01202494918027279
354683974.0,211590.0,29495456282.0,354683974.0,45275035.0,585720322.0,89587802.0,0.0,89260415.0,40706609.0,5286453.0,439721179.0,58315.0,709287.0,453063.0,0.0,1840.0,0.0,0.0,0.0,0.0,0.0,240024.0,0.0,31181022.0,11982.0,947698.0,16493223.0,0.0,0.0,0.0,0.0,0.0,0.0,7680000.0,0.0,0.0,23330000.0,0.0,0.0,7680410.0,0.0,0.0,0.0,0.0,0.0,0.0,0.0,0.0,0.0,0.0,0.0,0.0,0.0,0.0,0.0,0.0,87908154.0,40540839.0,1352261.0,165770.0,0.0,0.0,663761520.0,1640.0,104.0,0.0,466.0,0.0,461219654.0,3689757232.0,125095784.13444392,461219654.0,10003188219000.0,21688.56,0.0,0.0,1640000.0002932188,0.0013138456602496509,0.012025037707806226
354726941.0,204933.0,29528381649.0,354726941.0,45280559.0,585796749.0,89588647.0,0.0,89271392.0,40712999.0,5286772.0,439779545.0,58837.0,709463.0,453234.0,0.0,1840.0,0.0,0.0,0.0,0.0,0.0,240024.0,0.0,31181026.0,11952.0,947744.0,16493524.0,0.0,0.0,0.0,0.0,0.0,0.0,7680000.0,0.0,0.0,23330000.0,0.0,0.0,7680444.0,0.0,0.0,0.0,0.0,0.0,0.0,0.0,0.0,0.0,0.0,0.0,0.0,0.0,0.0,0.0,0.0,87919017.0,40547059.0,1352375.0,165940.0,0.0,0.0,663838796.0,1642.0,104.0,0.0,466.0,0.0,461276126.0,3690209008.0,124971596.8814353,461276126.0,10007575631250.0,21695.41,0.0,0.0,1642000.0002931834,0.001313686518104076,0.012013084401867756
354725816.0,215351.0,29519740221.0,354725816.0,45282075.0,585797830.0,89587495.0,0.0,89269742.0,40711913.0,5286507.0,439782112.0,58601.0,711455.0,453130.0,0.0,1840.0,0.0,0.0,0.0,0.0,0.0,240024.0,0.0,31180994.0,11742.0,947544.0,16493302.0,0.0,0.0,0.0,0.0,0.0,0.0,7680000.0,0.0,0.0,23330000.0,0.0,0.0,7680424.0,0.0,0.0,0.0,0.0,0.0,0.0,0.0,0.0,0.0,0.0,0.0,0.0,0.0,0.0,0.0,0.0,87917607.0,40546073.0,1352135.0,165840.0,0.0,0.0,663839330.0,1644.0,104.0,0.0,464.0,0.0,461275704.0,3690205632.0,125008065.93734287,461275704.0,10002155814500.0,21683.68,0.0,0.0,1644000.0002931843,0.0013080525269691676,0.012016562928546783
354671971.0,212574.0,29515602170.0,354671971.0,45273293.0,585699550.0,89587621.0,0.0,89256589.0,40705829.0,5285761.0,439703990.0,58643.0,710239.0,453128.0,0.0,1840.0,0.0,0.0,0.0,0.0,0.0,240024.0,0.0,31181052.0,11850.0,947556.0,16493246.0,0.0,0.0,0.0,0.0,0.0,0.0,7680000.0,0.0,0.0,23330000.0,0.0,0.0,7680423.0,0.0,0.0,0.0,0.0,0.0,0.0,0.0,0.0,0.0,0.0,0.0,0.0,0.0,0.0,0.0,0.0,87904444.0,40539994.0,1352145.0,165835.0,0.0,0.0,663740170.0,1643.0,104.0,0.0,466.0,0.0,461203237.0,3689625896.0,125005950.23435363,461203237.0,9999887222250.0,21682.17,0.0,0.0,1643000.0002932285,0.001313890124122608,0.012016423346445992
354718657.0,210674.0,29528538732.0,354718657.0,45282232.0,585790634.0,89586996.0,0.0,89266861.0,40710303.0,5285903.0,439779192.0,58316.0,712221.0,453023.0,0.0,1840.0,0.0,0.0,0.0,0.0,0.0,240024.0,0.0,31180960.0,11784.0,947528.0,16493129.0,0.0,0.0,0.0,0.0,0.0,0.0,7680000.0,0.0,0.0,23330000.0,0.0,0.0,7680402.0,0.0,0.0,0.0,0.0,0.0,0.0,0.0,0.0,0.0,0.0,0.0,0.0,0.0,0.0,0.0,0.0,87914786.0,40544573.0,1352075.0,165730.0,0.0,0.0,663831486.0,1641.0,104.0,0.0,464.0,0.0,461267226.0,3690137808.0,124968520.84322774,461267226.0,10004612234000.0,21689.41,0.0,0.0,1641000.0002931901,0.0013080789263362597,0.01201273995369071
354650365.0,212574.0,29488135590.0,354650365.0,45268869.0,585656940.0,89587130.0,0.0,89252217.0,40703220.0,5285579.0,439668962.0,58668.0,709410.0,453121.0,0.0,1840.0,0.0,0.0,0.0,0.0,0.0,240024.0,0.0,31181098.0,11730.0,947400.0,16493159.0,0.0,0.0,0.0,0.0,0.0,0.0,7680000.0,0.0,0.0,23330000.0,0.0,0.0,7680422.0,0.0,0.0,0.0,0.0,0.0,0.0,0.0,0.0,0.0,0.0,0.0,0.0,0.0,0.0,0.0,0.0,87900230.0,40537390.0,1351987.0,165830.0,0.0,0.0,663696850.0,1640.0,104.0,0.0,464.0,0.0,461172832.0,3689382656.0,125114137.67546368,461172832.0,10003067521000.0,21690.5,0.0,0.0,1640000.0002932465,0.0013083308119533445,0.012026883283874645
354659936.0,211485.0,29494671392.0,354659936.0,45274570.0,585682579.0,89587084.0,0.0,89253259.0,40700460.0,5284975.0,439694666.0,58298.0,711995.0,452893.0,0.0,1840.0,0.0,0.0,0.0,0.0,0.0,240024.0,0.0,31181020.0,11952.0,947704.0,16493001.0,0.0,0.0,0.0,0.0,0.0,0.0,7680000.0,0.0,0.0,23330000.0,0.0,0.0,7680376.0,0.0,0.0,0.0,0.0,0.0,0.0,0.0,0.0,0.0,0.0,0.0,0.0,0.0,0.0,0.0,0.0,87901060.0,40534860.0,1352199.0,165600.0,0.0,0.0,663722463.0,1640.0,104.0,0.0,466.0,0.0,461187876.0,3689503008.0,125090493.76968898,461187876.0,10002268243500.0,21688.06,0.0,0.0,1640000.0002932386,0.0013139347095579468,0.012024542714389973
354656054.0,213214.0,29520292611.0,354656054.0,45269878.0,585671218.0,89587243.0,0.0,89253681.0,40704144.0,5285739.0,439681090.0,58497.0,709319.0,453060.0,0.0,1840.0,0.0,0.0,0.0,0.0,0.0,240024.0,0.0,31181064.0,11898.0,947510.0,16493092.0,0.0,0.0,0.0,0.0,0.0,0.0,7680000.0,0.0,0.0,23330000.0,0.0,0.0,7680409.0,0.0,0.0,0.0,0.0,0.0,0.0,0.0,0.0,0.0,0.0,0.0,0.0,0.0,0.0,0.0,0.0,87901610.0,40538379.0,1352071.0,165765.0,0.0,0.0,663711367.0,1641.0,104.0,0.0,466.0,0.0,461180327.0,3689442616.0,124979879.59053026,461180327.0,10002050378500.0,21687.94,0.0,0.0,1641000.0002932418,0.0013139490916458457,0.012013974884105529
354583210.0,214968.0,29517533615.0,354583210.0,45257924.0,585537478.0,89586375.0,0.0,89236390.0,40695897.0,5285623.0,439573343.0,58127.0,709271.0,453002.0,0.0,1840.0,0.0,0.0,0.0,0.0,0.0,240024.0,0.0,31181118.0,11742.0,947306.0,16492894.0,0.0,0.0,0.0,0.0,0.0,0.0,7680000.0,0.0,0.0,23330000.0,0.0,0.0,7680398.0,0.0,0.0,0.0,0.0,0.0,0.0,0.0,0.0,0.0,0.0,0.0,0.0,0.0,0.0,0.0,0.0,87884545.0,40530187.0,1351845.0,165710.0,0.0,0.0,663576975.0,1644.0,104.0,0.0,466.0,0.0,461082603.0,3688660824.0,124965075.7448625,461082603.0,9997662781000.0,21683.02,0.0,0.0,1644000.0002933021,0.0013142190235121397,0.012012630005774282
354738476.0,212566.0,29510038014.0,354738476.0,45283999.0,585825805.0,89587858.0,0.0,89274881.0,40712947.0,5286908.0,439804356.0,58382.0,711104.0,452993.0,0.0,1840.0,0.0,0.0,0.0,0.0,0.0,240024.0,0.0,31180980.0,11976.0,947834.0,16493251.0,0.0,0.0,0.0,0.0,0.0,0.0,7680000.0,0.0,0.0,23330000.0,0.0,0.0,7680396.0,0.0,0.0,0.0,0.0,0.0,0.0,0.0,0.0,0.0,0.0,0.0,0.0,0.0,0.0,0.0,0.0,87922512.0,40547247.0,1352369.0,165700.0,0.0,0.0,663867872.0,1640.0,104.0,0.0,466.0,0.0,461291489.0,3690331912.0,125053444.87354614,461291489.0,10005663874250.0,21690.55,0.0,0.0,1640000.0002931738,0.001313643801074457,0.012020942698606719
354637800.0,208620.0,29494406434.0,354637800.0,45267411.0,585640301.0,89586793.0,0.0,89251030.0,40701334.0,5286031.0,439656092.0,58209.0,708994.0,452958.0,0.0,1840.0,0.0,0.0,0.0,0.0,0.0,240024.0,0.0,31181090.0,11850.0,947502.0,16492964.0,0.0,0.0,0.0,0.0,0.0,0.0,7680000.0,0.0,0.0,23330000.0,0.0,0.0,7680389.0,0.0,0.0,0.0,0.0,0.0,0.0,0.0,0.0,0.0,0.0,0.0,0.0,0.0,0.0,0.0,0.0,87899007.0,40535669.0,1352023.0,165665.0,0.0,0.0,663680307.0,1641.0,104.0,0.0,466.0,0.0,461155111.0,3689240888.0,125082730.39009821,461155111.0,10001604340250.0,21688.16,0.0,0.0,1641000.000293257,0.0013140167235415965,0.012023900219642576
355076362.0,210489.0,29511897815.0,355076362.0,45473093.0,586503558.0,89588065.0,0.0,89257428.0,40708209.0,5286051.0,440506144.0,58745.0,708199.0,453224.0,0.0,1840.0,0.0,0.0,0.0,0.0,0.0,240024.0,0.0,31181052.0,11832.0,947568.0,16493416.0,0.0,0.0,0.0,0.0,0.0,0.0,7680000.0,0.0,0.0,23330000.0,0.0,0.0,7680442.0,0.0,0.0,0.0,0.0,0.0,0.0,0.0,0.0,0.0,0.0,0.0,0.0,0.0,0.0,0.0,0.0,87905233.0,40542279.0,1352195.0,165930.0,0.0,0.0,664544174.0,1641.0,104.0,0.0,464.0,0.0,461610616.0,3692884928.0,125132072.19506632,461610616.0,10012432948750.0,21690.21,0.0,0.0,1641000.000292895,0.0013067611636732946,0.012031634299693375
354730784.0,208289.0,29501926544.0,354730784.0,45284688.0,585807965.0,89588254.0,0.0,89271470.0,40711005.0,5286125.0,439791871.0,58757.0,710718.0,453151.0,0.0,1840.0,0.0,0.0,0.0,0.0,0.0,240024.0,0.0,31180980.0,11910.0,947754.0,16493429.0,0.0,0.0,0.0,0.0,0.0,0.0,7680000.0,0.0,0.0,23330000.0,0.0,0.0,7680428.0,0.0,0.0,0.0,0.0,0.0,0.0,0.0,0.0,0.0,0.0,0.0,0.0,0.0,0.0,0.0,0.0,87919117.0,40545145.0,1352353.0,165860.0,0.0,0.0,663849462.0,1641.0,104.0,0.0,466.0,0.0,461285195.0,3690281560.0,125086121.22317539,461285195.0,10004511201250.0,21688.34,0.0,0.0,1641000.00029318,0.0013136722861921111,0.012023987093552842
354678330.0,214723.0,29495861087.0,354678330.0,45272967.0,585703878.0,89588524.0,0.0,89258386.0,40707368.0,5285447.0,439706245.0,59310.0,707546.0,453307.0,0.0,1840.0,0.0,0.0,0.0,0.0,0.0,240024.0,0.0,31181088.0,11940.0,947592.0,16493445.0,0.0,0.0,0.0,0.0,0.0,0.0,7680000.0,0.0,0.0,23330000.0,0.0,0.0,7680460.0,0.0,0.0,0.0,0.0,0.0,0.0,0.0,0.0,0.0,0.0,0.0,0.0,0.0,0.0,0.0,0.0,87906131.0,40541348.0,1352255.0,166020.0,0.0,0.0,663743998.0,1640.0,104.0,0.0,466.0,0.0,461210654.0,3689685232.0,125091626.28332932,461210654.0,10002981667000.0,21688.53,0.0,0.0,1640000.0002932234,0.001313866567489477,0.012024681325757968
354728401.0,206259.0,29526244239.0,354728401.0,45282152.0,585803661.0,89588252.0,0.0,89271603.0,40713004.0,5286174.0,439785385.0,58901.0,710350.0,453117.0,0.0,1840.0,0.0,0.0,0.0,0.0,0.0,240024.0,0.0,31181012.0,11958.0,947782.0,16493387.0,0.0,0.0,0.0,0.0,0.0,0.0,7680000.0,0.0,0.0,23330000.0,0.0,0.0,7680421.0,0.0,0.0,0.0,0.0,0.0,0.0,0.0,0.0,0.0,0.0,0.0,0.0,0.0,0.0,0.0,0.0,87919236.0,40547179.0,1352367.0,165825.0,0.0,0.0,663844958.0,1641.0,104.0,0.0,466.0,0.0,461277927.0,3690223416.0,124981131.56991826,461277927.0,10003583587000.0,21686.67,0.0,0.0,1641000.000293182,0.0013136811112003407,0.012014003478690116
354703613.0,209160.0,29498014001.0,354703613.0,45277633.0,585755312.0,89587058.0,0.0,89266521.0,40708488.0,5285963.0,439748000.0,58608.0,709210.0,453089.0,0.0,1840.0,0.0,0.0,0.0,0.0,0.0,240024.0,0.0,31181046.0,11730.0,947436.0,16493159.0,0.0,0.0,0.0,0.0,0.0,0.0,7680000.0,0.0,0.0,23330000.0,0.0,0.0,7680415.0,0.0,0.0,0.0,0.0,0.0,0.0,0.0,0.0,0.0,0.0,0.0,0.0,0.0,0.0,0.0,0.0,87914512.0,40542693.0,1352009.0,165795.0,0.0,0.0,663795529.0,1640.0,104.0,0.0,466.0,0.0,461245638.0,3689965104.0,125091984.290024,461245638.0,10003516131500.0,21688.04,0.0,0.0,1640000.0002932025,0.0013137729160937529,0.012024660812350802
354692796.0,213455.0,29497059645.0,354692796.0,45276510.0,585740214.0,89587501.0,0.0,89263815.0,40707403.0,5286502.0,439736685.0,58424.0,709434.0,453020.0,0.0,1840.0,0.0,0.0,0.0,0.0,0.0,240024.0,0.0,31181032.0,11934.0,947658.0,16493162.0,0.0,0.0,0.0,0.0,0.0,0.0,7680000.0,0.0,0.0,23330000.0,0.0,0.0,7680401.0,0.0,0.0,0.0,0.0,0.0,0.0,0.0,0.0,0.0,0.0,0.0,0.0,0.0,0.0,0.0,0.0,87911612.0,40541678.0,1352203.0,165725.0,0.0,0.0,663781334.0,1640.0,104.0,0.0,466.0,0.0,461229434.0,3689835472.0,125091636.80744898,461229434.0,10002029722500.0,21685.58,0.0,0.0,1640000.0002932115,0.0013138129819811734,0.01202468314702423
354663573.0,212862.0,29493697473.0,354663573.0,45272055.0,585683602.0,89587631.0,0.0,89253580.0,40704948.0,5285522.0,439691652.0,58952.0,710306.0,453136.0,0.0,1840.0,0.0,0.0,0.0,0.0,0.0,240024.0,0.0,31181076.0,11868.0,947540.0,16493222.0,0.0,0.0,0.0,0.0,0.0,0.0,7680000.0,0.0,0.0,23330000.0,0.0,0.0,7680425.0,0.0,0.0,0.0,0.0,0.0,0.0,0.0,0.0,0.0,0.0,0.0,0.0,0.0,0.0,0.0,0.0,87901447.0,40539103.0,1352133.0,165845.0,0.0,0.0,663724091.0,1640.0,104.0,0.0,466.0,0.0,461188828.0,3689510624.0,125094882.63984405,461188828.0,10001056273500.0,21685.38,0.0,0.0,1640000.0002932358,0.0013139212354351371,0.01202506309440099
354719531.0,208681.0,29523929926.0,354719531.0,45281961.0,585790784.0,89587501.0,0.0,89270231.0,40709934.0,5286095.0,439776733.0,58410.0,711345.0,453008.0,0.0,1840.0,0.0,0.0,0.0,0.0,0.0,240024.0,0.0,31181000.0,11874.0,947696.0,16493210.0,0.0,0.0,0.0,0.0,0.0,0.0,7680000.0,0.0,0.0,23330000.0,0.0,0.0,7680399.0,0.0,0.0,0.0,0.0,0.0,0.0,0.0,0.0,0.0,0.0,0.0,0.0,0.0,0.0,0.0,0.0,87917994.0,40544219.0,1352237.0,165715.0,0.0,0.0,663831799.0,1643.0,104.0,0.0,464.0,0.0,461268121.0,3690144968.0,124988271.45468546,461268121.0,10002637845000.0,21685.08,0.0,0.0,1643000.0002931894,0.0013080757033364482,0.012014644794547464
354695443.0,211134.0,29496061416.0,354695443.0,45275506.0,585741279.0,89588115.0,0.0,89265766.0,40709788.0,5286775.0,439733753.0,58637.0,708678.0,453166.0,0.0,1840.0,0.0,0.0,0.0,0.0,0.0,240024.0,0.0,31181042.0,11904.0,947668.0,16493364.0,0.0,0.0,0.0,0.0,0.0,0.0,7680000.0,0.0,0.0,23330000.0,0.0,0.0,7680431.0,0.0,0.0,0.0,0.0,0.0,0.0,0.0,0.0,0.0,0.0,0.0,0.0,0.0,0.0,0.0,0.0,87913493.0,40543913.0,1352273.0,165875.0,0.0,0.0,663782836.0,1640.0,104.0,0.0,466.0,0.0,461234262.0,3689874096.0,125097179.72035564,461234262.0,10002161725500.0,21685.64,0.0,0.0,1640000.0002932092,0.0013138031773359997,0.012025179836640736
354642011.0,213242.0,29492864826.0,354642011.0,45269209.0,585650233.0,89586218.0,0.0,89250799.0,40701303.0,5285562.0,439665337.0,58170.0,710374.0,452895.0,0.0,1840.0,0.0,0.0,0.0,0.0,0.0,240024.0,0.0,31181056.0,11766.0,947424.0,16492837.0,0.0,0.0,0.0,0.0,0.0,0.0,7680000.0,0.0,0.0,23330000.0,0.0,0.0,7680377.0,0.0,0.0,0.0,0.0,0.0,0.0,0.0,0.0,0.0,0.0,0.0,0.0,0.0,0.0,0.0,0.0,87898878.0,40535698.0,1351921.0,165605.0,0.0,0.0,663689764.0,1641.0,104.0,0.0,466.0,0.0,461161683.0,3689293464.0,125091051.20054775,461161683.0,10001281066000.0,21687.15,0.0,0.0,1641000.0002932535,0.001314001120978304,0.012024671495708975
354722354.0,212783.0,29500111414.0,354722354.0,45281408.0,585792456.0,89587530.0,0.0,89270160.0,40710554.0,5286082.0,439779672.0,58680.0,708650.0,453057.0,0.0,1840.0,0.0,0.0,0.0,0.0,0.0,240024.0,0.0,31181014.0,11880.0,947632.0,16493209.0,0.0,0.0,0.0,0.0,0.0,0.0,7680000.0,0.0,0.0,23330000.0,0.0,0.0,7680409.0,0.0,0.0,0.0,0.0,0.0,0.0,0.0,0.0,0.0,0.0,0.0,0.0,0.0,0.0,0.0,0.0,87917967.0,40544789.0,1352193.0,165765.0,0.0,0.0,663832863.0,1640.0,104.0,0.0,466.0,0.0,461269666.0,3690157328.0,125089606.483613,461269666.0,10004101464250.0,21688.18,0.0,0.0,1640000.000293187,0.0013137035057001229,0.012024441163013976
354706654.0,211519.0,29497194950.0,354706654.0,45279110.0,585762664.0,89587916.0,0.0,89265735.0,40709381.0,5285829.0,439754401.0,58969.0,709685.0,453139.0,0.0,1840.0,0.0,0.0,0.0,0.0,0.0,240024.0,0.0,31181038.0,11850.0,947640.0,16493357.0,0.0,0.0,0.0,0.0,0.0,0.0,7680000.0,0.0,0.0,23330000.0,0.0,0.0,7680425.0,0.0,0.0,0.0,0.0,0.0,0.0,0.0,0.0,0.0,0.0,0.0,0.0,0.0,0.0,0.0,0.0,87913502.0,40543536.0,1352233.0,165845.0,0.0,0.0,663803313.0,1640.0,104.0,0.0,466.0,0.0,461248435.0,3689987480.0,125096216.30988339,461248435.0,10002284519250.0,21685.24,0.0,0.0,1640000.0002932,0.0013137616527486966,0.012025097796629643
354651020.0,214031.0,29523088525.0,354651020.0,45268999.0,585656069.0,89587443.0,0.0,89250856.0,40703655.0,5285406.0,439669130.0,58953.0,709005.0,453242.0,0.0,1840.0,0.0,0.0,0.0,0.0,0.0,240024.0,0.0,31181098.0,11796.0,947324.0,16493220.0,0.0,0.0,0.0,0.0,0.0,0.0,7680000.0,0.0,0.0,23330000.0,0.0,0.0,7680446.0,0.0,0.0,0.0,0.0,0.0,0.0,0.0,0.0,0.0,0.0,0.0,0.0,0.0,0.0,0.0,0.0,87898897.0,40537705.0,1351959.0,165950.0,0.0,0.0,663695995.0,1641.0,104.0,0.0,464.0,0.0,461174404.0,3689395232.0,124966438.6866516,461174404.0,10002486146250.0,21689.16,0.0,0.0,1641000.000293246,0.0013083283956154981,0.01201266661852412
354655847.0,208329.0,29492707376.0,354655847.0,45271238.0,585667050.0,89587289.0,0.0,89252683.0,40702228.0,5285188.0,439679193.0,58502.0,710262.0,453130.0,0.0,1840.0,0.0,0.0,0.0,0.0,0.0,240024.0,0.0,31181070.0,11808.0,947438.0,16493170.0,0.0,0.0,0.0,0.0,0.0,0.0,7680000.0,0.0,0.0,23330000.0,0.0,0.0,7680423.0,0.0,0.0,0.0,0.0,0.0,0.0,0.0,0.0,0.0,0.0,0.0,0.0,0.0,0.0,0.0,0.0,87900656.0,40536393.0,1352027.0,165835.0,0.0,0.0,663706959.0,1640.0,104.0,0.0,466.0,0.0,461184113.0,3689472904.0,125097803.2285482,461184113.0,10000998356750.0,21685.48,0.0,0.0,1640000.000293242,0.001313949858551183,0.012025204823637349
354734895.0,208755.0,29509761227.0,354734895.0,45285460.0,585816329.0,89587686.0,0.0,89271401.0,40710312.0,5285436.0,439801005.0,58705.0,710708.0,453045.0,0.0,1840.0,0.0,0.0,0.0,0.0,0.0,240024.0,0.0,31180976.0,11892.0,947716.0,16493255.0,0.0,0.0,0.0,0.0,0.0,0.0,7680000.0,0.0,0.0,23330000.0,0.0,0.0,7680407.0,0.0,0.0,0.0,0.0,0.0,0.0,0.0,0.0,0.0,0.0,0.0,0.0,0.0,0.0,0.0,0.0,87919128.0,40544557.0,1352273.0,165755.0,0.0,0.0,663856722.0,1641.0,104.0,0.0,466.0,0.0,461289395.0,3690315160.0,125054050.13658805,461289395.0,10004436670250.0,21687.98,0.0,0.0,1641000.0002931769,0.0013136570621280436,0.012020934099440791
354665725.0,202298.0,29525105091.0,354665725.0,45273054.0,585691211.0,89587223.0,0.0,89256310.0,40704388.0,5285846.0,439697161.0,58355.0,710912.0,453042.0,0.0,1840.0,0.0,0.0,0.0,0.0,0.0,240024.0,0.0,31181032.0,11832.0,947552.0,16493134.0,0.0,0.0,0.0,0.0,0.0,0.0,7680000.0,0.0,0.0,23330000.0,0.0,0.0,7680406.0,0.0,0.0,0.0,0.0,0.0,0.0,0.0,0.0,0.0,0.0,0.0,0.0,0.0,0.0,0.0,0.0,87904203.0,40538638.0,1352107.0,165750.0,0.0,0.0,663731834.0,1642.0,104.0,0.0,464.0,0.0,461195812.0,3689566496.0,124963704.09616843,461195812.0,10006689711750.0,21697.27,0.0,0.0,1642000.000293234,0.0013082741502579648,0.012012344203581212
354653920.0,211373.0,29501956132.0,354653920.0,45268191.0,585663561.0,89587031.0,0.0,89254011.0,40705309.0,5286097.0,439672069.0,58834.0,708895.0,453220.0,0.0,1840.0,0.0,0.0,0.0,0.0,0.0,240024.0,0.0,31181088.0,11718.0,947228.0,16493152.0,0.0,0.0,0.0,0.0,0.0,0.0,7680000.0,0.0,0.0,23330000.0,0.0,0.0,7680441.0,0.0,0.0,0.0,0.0,0.0,0.0,0.0,0.0,0.0,0.0,0.0,0.0,0.0,0.0,0.0,0.0,87902158.0,40539384.0,1351853.0,165925.0,0.0,0.0,663703926.0,1640.0,104.0,0.0,466.0,0.0,461177255.0,3689418040.0,125056725.84870346,461177255.0,10002905047500.0,21689.94,0.0,0.0,1640000.0002932437,0.0013139569978530055,0.012021369647937215
354780516.0,210206.0,29534789733.0,354780516.0,45290893.0,585896139.0,89588677.0,0.0,89285721.0,40718643.0,5286868.0,439857310.0,59065.0,711349.0,453330.0,0.0,1840.0,0.0,0.0,0.0,0.0,0.0,240024.0,0.0,31180974.0,11820.0,947658.0,16493638.0,0.0,0.0,0.0,0.0,0.0,0.0,7680000.0,0.0,0.0,23330000.0,0.0,0.0,7680464.0,0.0,0.0,0.0,0.0,0.0,0.0,0.0,0.0,0.0,0.0,0.0,0.0,0.0,0.0,0.0,0.0,87933392.0,40552603.0,1352329.0,166040.0,0.0,0.0,663938704.0,1642.0,104.0,0.0,464.0,0.0,461351301.0,3690810408.0,124964844.5567283,461351301.0,10010306529000.0,21697.8,0.0,0.0,1642000.000293139,0.0013078508516516166,0.012012291917676813
354671271.0,212583.0,29516475739.0,354671271.0,45273163.0,585697792.0,89587218.0,0.0,89258279.0,40705804.0,5285890.0,439700521.0,58491.0,710539.0,453169.0,0.0,1840.0,0.0,0.0,0.0,0.0,0.0,240024.0,0.0,31181056.0,11712.0,947374.0,16493227.0,0.0,0.0,0.0,0.0,0.0,0.0,7680000.0,0.0,0.0,23330000.0,0.0,0.0,7680431.0,0.0,0.0,0.0,0.0,0.0,0.0,0.0,0.0,0.0,0.0,0.0,0.0,0.0,0.0,0.0,0.0,87906300.0,40539929.0,1351979.0,165875.0,0.0,0.0,663738357.0,1644.0,104.0,0.0,464.0,0.0,461205339.0,3689642712.0,125002820.2765715,461205339.0,10000881940750.0,21684.23,0.0,0.0,1644000.0002932292,0.0013082536927553966,0.012016043993062976
354720704.0,211140.0,29508479847.0,354720704.0,45281482.0,585790027.0,89588238.0,0.0,89271309.0,40710667.0,5286217.0,439773568.0,58702.0,711694.0,453101.0,0.0,1840.0,0.0,0.0,0.0,0.0,0.0,240024.0,0.0,31181036.0,11964.0,947784.0,16493387.0,0.0,0.0,0.0,0.0,0.0,0.0,7680000.0,0.0,0.0,23330000.0,0.0,0.0,7680417.0,0.0,0.0,0.0,0.0,0.0,0.0,0.0,0.0,0.0,0.0,0.0,0.0,0.0,0.0,0.0,0.0,87918948.0,40544862.0,1352361.0,165805.0,0.0,0.0,663831710.0,1640.0,104.0,0.0,466.0,0.0,461268964.0,3690151712.0,125053941.48167758,461268964.0,10004874444750.0,21689.89,0.0,0.0,1640000.0002931883,0.0013137096164536255,0.01202097518541142
354640136.0,216007.0,29511820590.0,354640136.0,45267248.0,585639308.0,89586820.0,0.0,89249796.0,40701118.0,5285212.0,439656429.0,58521.0,708724.0,453013.0,0.0,1840.0,0.0,0.0,0.0,0.0,0.0,240024.0,0.0,31181098.0,11808.0,947434.0,16493007.0,0.0,0.0,0.0,0.0,0.0,0.0,7680000.0,0.0,0.0,23330000.0,0.0,0.0,7680400.0,0.0,0.0,0.0,0.0,0.0,0.0,0.0,0.0,0.0,0.0,0.0,0.0,0.0,0.0,0.0,0.0,87897819.0,40535398.0,1351977.0,165720.0,0.0,0.0,663678424.0,1644.0,104.0,0.0,466.0,0.0,461158673.0,3689269384.0,125009887.91081561,461158673.0,9998522506000.0,21681.31,0.0,0.0,1644000.000293255,0.0013140080681674452,0.012016884384292064
354710717.0,208291.0,29493447119.0,354710717.0,45279150.0,585768877.0,89588004.0,0.0,89267107.0,40709461.0,5285995.0,439759297.0,58679.0,709970.0,453145.0,0.0,1840.0,0.0,0.0,0.0,0.0,0.0,240024.0,0.0,31181030.0,11904.0,947664.0,16493331.0,0.0,0.0,0.0,0.0,0.0,0.0,7680000.0,0.0,0.0,23330000.0,0.0,0.0,7680427.0,0.0,0.0,0.0,0.0,0.0,0.0,0.0,0.0,0.0,0.0,0.0,0.0,0.0,0.0,0.0,0.0,87914846.0,40543606.0,1352261.0,165855.0,0.0,0.0,663809874.0,1640.0,104.0,0.0,464.0,0.0,461254969.0,3690039752.0,125113885.03051026,461254969.0,10004881629000.0,21690.57,0.0,0.0,1640000.0002931969,0.0013081082069476913,0.012026763625452635
354676098.0,211294.0,29495304694.0,354676098.0,45274092.0,585709097.0,89587201.0,0.0,89258513.0,40705139.0,5285901.0,439711964.0,58329.0,711128.0,453006.0,0.0,1840.0,0.0,0.0,0.0,0.0,0.0,240024.0,0.0,31181018.0,11910.0,947594.0,16493064.0,0.0,0.0,0.0,0.0,0.0,0.0,7680000.0,0.0,0.0,23330000.0,0.0,0.0,7680399.0,0.0,0.0,0.0,0.0,0.0,0.0,0.0,0.0,0.0,0.0,0.0,0.0,0.0,0.0,0.0,0.0,87906378.0,40539424.0,1352135.0,165715.0,0.0,0.0,663749829.0,1640.0,104.0,0.0,466.0,0.0,461208971.0,3689671768.0,125093529.50507276,461208971.0,10002720346000.0,21688.04,0.0,0.0,1640000.0002932253,0.0013138748357381556,0.01202483248366473
354693838.0,207477.0,29522925014.0,354693838.0,45275232.0,585737911.0,89587991.0,0.0,89265006.0,40709264.0,5286595.0,439731302.0,58721.0,708815.0,453126.0,0.0,1840.0,0.0,0.0,0.0,0.0,0.0,240024.0,0.0,31181068.0,11886.0,947672.0,16493336.0,0.0,0.0,0.0,0.0,0.0,0.0,7680000.0,0.0,0.0,23330000.0,0.0,0.0,7680423.0,0.0,0.0,0.0,0.0,0.0,0.0,0.0,0.0,0.0,0.0,0.0,0.0,0.0,0.0,0.0,0.0,87912745.0,40543429.0,1352261.0,165835.0,0.0,0.0,663779078.0,1640.0,104.0,0.0,466.0,0.0,461230709.0,3689845672.0,124982388.10179706,461230709.0,10003171808500.0,21688.0,0.0,0.0,1640000.0002932106,0.0013138091223338366,0.012014183480525775
354749964.0,211361.0,29504232633.0,354749964.0,45285369.0,585843942.0,89588126.0,0.0,89277818.0,40714179.0,5286681.0,439817577.0,58746.0,711595.0,453089.0,0.0,1840.0,0.0,0.0,0.0,0.0,0.0,240024.0,0.0,31181012.0,11910.0,947780.0,16493393.0,0.0,0.0,0.0,0.0,0.0,0.0,7680000.0,0.0,0.0,23330000.0,0.0,0.0,7680415.0,0.0,0.0,0.0,0.0,0.0,0.0,0.0,0.0,0.0,0.0,0.0,0.0,0.0,0.0,0.0,0.0,87925465.0,40548384.0,1352353.0,165795.0,0.0,0.0,663886059.0,1641.0,104.0,0.0,466.0,0.0,461305853.0,3690446824.0,125081945.69589639,461305853.0,10004830586000.0,21688.06,0.0,0.0,1641000.0002931643,0.001313601260858761,0.012023697359382192
354701581.0,209859.0,29505926664.0,354701581.0,45277977.0,585752508.0,89587750.0,0.0,89263534.0,40709215.0,5285710.0,439746477.0,59067.0,709721.0,453167.0,0.0,1840.0,0.0,0.0,0.0,0.0,0.0,240024.0,0.0,31181044.0,11778.0,947556.0,16493345.0,0.0,0.0,0.0,0.0,0.0,0.0,7680000.0,0.0,0.0,23330000.0,0.0,0.0,7680431.0,0.0,0.0,0.0,0.0,0.0,0.0,0.0,0.0,0.0,0.0,0.0,0.0,0.0,0.0,0.0,0.0,87911373.0,40543340.0,1352161.0,165875.0,0.0,0.0,663792909.0,1640.0,104.0,0.0,466.0,0.0,461240838.0,3689926704.0,125057136.6905096,461240838.0,10004298814500.0,21689.97,0.0,0.0,1640000.0002932043,0.001313780442382635,0.012021367267640139
354677852.0,212612.0,29494764024.0,354677852.0,45273922.0,585707421.0,89587267.0,0.0,89256913.0,40707298.0,5285975.0,439711536.0,58893.0,708200.0,453176.0,0.0,1840.0,0.0,0.0,0.0,0.0,0.0,240024.0,0.0,31181042.0,11748.0,947388.0,16493204.0,0.0,0.0,0.0,0.0,0.0,0.0,7680000.0,0.0,0.0,23330000.0,0.0,0.0,7680433.0,0.0,0.0,0.0,0.0,0.0,0.0,0.0,0.0,0.0,0.0,0.0,0.0,0.0,0.0,0.0,0.0,87904916.0,40541413.0,1351997.0,165885.0,0.0,0.0,663747670.0,1641.0,104.0,0.0,466.0,0.0,461209680.0,3689677440.0,125096014.90616083,461209680.0,10001752496500.0,21685.91,0.0,0.0,1641000.000293224,0.0013138683381898907,0.012025112379654819
355080535.0,209154.0,29511545597.0,355080535.0,45475594.0,586518363.0,89587742.0,0.0,89258117.0,40706784.0,5286330.0,440519858.0,58482.0,711070.0,453103.0,0.0,1840.0,0.0,0.0,0.0,0.0,0.0,240024.0,0.0,31181010.0,11886.0,947636.0,16493283.0,0.0,0.0,0.0,0.0,0.0,0.0,7680000.0,0.0,0.0,23330000.0,0.0,0.0,7680418.0,0.0,0.0,0.0,0.0,0.0,0.0,0.0,0.0,0.0,0.0,0.0,0.0,0.0,0.0,0.0,0.0,87905902.0,40540974.0,1352215.0,165810.0,0.0,0.0,664559841.0,1642.0,104.0,0.0,464.0,0.0,461615175.0,3692921400.0,125134801.49190845,461615175.0,10012672577750.0,21690.52,0.0,0.0,1642000.0002928914,0.0013067458062718082,0.012031919298598029
